Workbook

Sheet Start Here
A1: EXCEL LAB · 04 DATES & DEBTORS AGEING
A2: Date arithmetic for receivables: FY logic, days outstanding against a fixed as-of date, due dates, IFS ageing buckets, an ECL-style provision matrix and a summary boss round.
A4: HOW TO USE THIS WORKBOOK
A5: 1 | B5: Work through the lessons in order — each one is harder than the last (★ to ★★★★★).
A6: 2 | B6: Read the Concept box at the top of each lesson, then look at the data.
A7: 3 | B7: Type a FORMULA in each yellow cell. The Check column marks it ✓ or ✗ instantly.
A8: 4 | B8: Blue cells are inputs. Change them and watch every answer update — that is how you know your formula is really right.
A9: 5 | B9: Stuck? Read the Hint. Still stuck? The Solutions sheet shows the model answer and other ways to do it.
A11: COLOUR CODE
B12: Yellow — your answer goes here (always a formula)
B13: Blue — an input you can change
B14: ✓ Correct — marked automatically
B15: ✗ Check again — the result does not match
B16: ✎ You typed a value — replace it with a formula
A18: # | B18: Lesson | C18: Difficulty | D18: Tasks | E18: Solved | F18: Progress
A19: 1 | B19: L1 Date parts | C19: ★★☆☆☆ | D19: 4 | E19: =COUNTIF('L1 Date parts'!L9:L12,"✓*") -> 0 | F19: =IFERROR(E19/D19,0) -> 0
A20: 2 | B20: L2 Days outstanding | C20: ★★★☆☆ | D20: 4 | E20: =COUNTIF('L2 Days outstanding'!K9:K12,"✓*") -> 0 | F20: =IFERROR(E20/D20,0) -> 0
A21: 3 | B21: L3 Due dates and overdue days | C21: ★★★☆☆ | D21: 4 | E21: =COUNTIF('L3 Due dates and overdue days'!L9:L12,"✓*") -> 0 | F21: =IFERROR(E21/D21,0) -> 0
A22: 4 | B22: L4 Ageing buckets | C22: ★★★★☆ | D22: 3 | E22: =COUNTIF('L4 Ageing buckets'!J9:J11,"✓*") -> 0 | F22: =IFERROR(E22/D22,0) -> 0
A23: 5 | B23: L5 Provision matrix | C23: ★★★★☆ | D23: 3 | E23: =COUNTIF('L5 Provision matrix'!J9:J11,"✓*") -> 0 | F23: =IFERROR(E23/D23,0) -> 0
A24: 6 | B24: L6 Boss round — ageing summary | C24: ★★★★★ | D24: 3 | E24: =COUNTIF('L6 Boss round — ageing summary'!I9:I11,"✓*") -> 0 | F24: =IFERROR(E24/D24,0) -> 0
B25: OVERALL | D25: =SUM(D19:D24) -> 21 | E25: =SUM(E19:E24) -> 0 | F25: =IFERROR(E25/D25,0) -> 0
A27: Excel Lab — created by Pranay · excel-lab-by-pranay.vercel.app · free for every student

Sheet L1 Date parts
A1: LESSON 1 · DATE PARTS
A2: ★★☆☆☆ Dates are numbers — pull out months, financial years and ranges.
A3: CONCEPT · A date is a serial number (1 = 1-Jan-1900), so you can subtract and compare dates. YEAR, MONTH and DAY pull out parts; TEXT(date,"mmm") gives "Mar". Indian FY: April–March. FY-end year = YEAR(date) + (MONTH(date)>3), because TRUE counts as 1.
A8: Invoice | B8: Party | C8: Date | D8: Credit | E8: Amount | F8: Month | G8: FY End | I8: # | J8: Task | K8: Your answer | L8: Check | M8: Hint
A9: INV-3001 | B9: Vaibhav Textiles | C9: 45883 | D9: 15 | E9: 100500 | I9: 1 | J9: Fill Month with the short month name (e.g. "Mar"). | K9: → fill column F | L9: =IF(COUNTA($F$9:$F$58)=0,"◯ Not attempted",IF(NOT(_xlfn.ISFORMULA(F9)),"✎ Use a formula",IFERROR(IF(SUMPRODUCT(--(UPPER(TRIM($F$9:$F$58&""))=UPPER(TRIM($O$9:$O$58&""))))=ROWS($F$9:$F$58),"✓ Correct","✗ "&(ROWS($F$9:$F$58)-SUMPRODUCT(--(UPPER(TRIM($F$9:$F$58&""))=UPPER(TRIM($O$9:$O$58&"")))))&" rows differ"),"✗ Check the column"))) -> ◯ Not attempted | M9: =TEXT(C9,"mmm") | O9: =TEXT(C9,"mmm") -> Aug | P9: =YEAR(C9)+(MONTH(C9)>3) -> 2026
A10: INV-3002 | B10: Deccan Supplies | C10: 45887 | D10: 30 | E10: 410500 | I10: 2 | J10: Fill FY End: the year the Indian financial year ends in. | K10: → fill column G | L10: =IF(COUNTA($G$9:$G$58)=0,"◯ Not attempted",IF(NOT(_xlfn.ISFORMULA(G9)),"✎ Use a formula",IFERROR(IF(SUMPRODUCT(--(ABS($G$9:$G$58-$P$9:$P$58)<0.01))=ROWS($G$9:$G$58),"✓ Correct","✗ "&(ROWS($G$9:$G$58)-SUMPRODUCT(--(ABS($G$9:$G$58-$P$9:$P$58)<0.01)))&" rows differ"),"✗ Check the column"))) -> ◯ Not attempted | M10: =YEAR(C9)+(MONTH(C9)>3) | O10: =TEXT(C10,"mmm") -> Aug | P10: =YEAR(C10)+(MONTH(C10)>3) -> 2026
A11: INV-3003 | B11: ABC Traders | C11: 45890 | D11: 60 | E11: 97500 | I11: 3 | J11: How many invoices are dated in February 2026? | L11: =IF(ISBLANK(K11),"◯ Not attempted",IF(NOT(_xlfn.ISFORMULA(K11)),"✎ Use a formula",IF(ISNUMBER(K11),IF(ABS(K11-$N$11)<0.005,"✓ Correct","✗ Check again"),"✗ Not a number"))) -> ◯ Not attempted | M11: Two date criteria on one column. | N11: =COUNTIFS($C$9:$C$58,">="&DATE(2026,2,1),$C$9:$C$58,"<="&DATE(2026,2,28)) -> 6 | O11: =TEXT(C11,"mmm") -> Aug | P11: =YEAR(C11)+(MONTH(C11)>3) -> 2026
A12: INV-3004 | B12: ABC Traders | C12: 46111 | D12: 30 | E12: 193000 | I12: 4 | J12: The earliest invoice date. | L12: =IF(ISBLANK(K12),"◯ Not attempted",IF(NOT(_xlfn.ISFORMULA(K12)),"✎ Use a formula",IF(ISNUMBER(K12),IF(ABS(K12-$N$12)<0.005,"✓ Correct","✗ Check again"),"✗ Not a number"))) -> ◯ Not attempted | M12: MIN works on dates. Format the answer as a date. | N12: =MIN($C$9:$C$58) -> 45841 | O12: =TEXT(C12,"mmm") -> Mar | P12: =YEAR(C12)+(MONTH(C12)>3) -> 2026
A13: INV-3005 | B13: Nova Industries | C13: 45936 | D13: 90 | E13: 140500 | O13: =TEXT(C13,"mmm") -> Oct | P13: =YEAR(C13)+(MONTH(C13)>3) -> 2026
A14: INV-3006 | B14: Vaibhav Textiles | C14: 45993 | D14: 45 | E14: 51500 | O14: =TEXT(C14,"mmm") -> Dec | P14: =YEAR(C14)+(MONTH(C14)>3) -> 2026
A15: INV-3007 | B15: Deccan Supplies | C15: 45980 | D15: 90 | E15: 218000 | O15: =TEXT(C15,"mmm") -> Nov | P15: =YEAR(C15)+(MONTH(C15)>3) -> 2026
A16: INV-3008 | B16: ABC Traders | C16: 45877 | D16: 45 | E16: 101000 | O16: =TEXT(C16,"mmm") -> Aug | P16: =YEAR(C16)+(MONTH(C16)>3) -> 2026
A17: INV-3009 | B17: Orbit Systems | C17: 46056 | D17: 60 | E17: 171000 | O17: =TEXT(C17,"mmm") -> Feb | P17: =YEAR(C17)+(MONTH(C17)>3) -> 2026
A18: INV-3010 | B18: Shree Enterprises | C18: 46037 | D18: 90 | E18: 224500 | O18: =TEXT(C18,"mmm") -> Jan | P18: =YEAR(C18)+(MONTH(C18)>3) -> 2026
A19: INV-3011 | B19: ABC Traders | C19: 45990 | D19: 90 | E19: 333000 | O19: =TEXT(C19,"mmm") -> Nov | P19: =YEAR(C19)+(MONTH(C19)>3) -> 2026
A20: INV-3012 | B20: Bharat Electricals | C20: 46017 | D20: 45 | E20: 206500 | O20: =TEXT(C20,"mmm") -> Dec | P20: =YEAR(C20)+(MONTH(C20)>3) -> 2026
A21: INV-3013 | B21: Patel & Co | C21: 46053 | D21: 60 | E21: 250000 | O21: =TEXT(C21,"mmm") -> Jan | P21: =YEAR(C21)+(MONTH(C21)>3) -> 2026
A22: INV-3014 | B22: Kiran Agencies | C22: 46062 | D22: 45 | E22: 319500 | O22: =TEXT(C22,"mmm") -> Feb | P22: =YEAR(C22)+(MONTH(C22)>3) -> 2026
A23: INV-3015 | B23: Sagar Metals | C23: 45939 | D23: 15 | E23: 151000 | O23: =TEXT(C23,"mmm") -> Oct | P23: =YEAR(C23)+(MONTH(C23)>3) -> 2026
A24: INV-3016 | B24: Shree Enterprises | C24: 46020 | D24: 60 | E24: 16000 | O24: =TEXT(C24,"mmm") -> Dec | P24: =YEAR(C24)+(MONTH(C24)>3) -> 2026
... A58: INV-3050 | B58: Nova Industries | C58: 46089 | D58: 90 | E58: 288000 | O58: =TEXT(C58,"mmm") -> Mar | P58: =YEAR(C58)+(MONTH(C58)>3) -> 2026

Sheet L2 Days outstanding
A1: LESSON 2 · DAYS OUTSTANDING
A2: ★★★☆☆ Measure how long each invoice has been unpaid, as of a fixed date.
A3: CONCEPT · Days outstanding = as-of date − invoice date. Use a fixed as-of date in an input cell (B6) rather than TODAY(), so your working paper gives the same answer tomorrow.
A6: As of | B6: 46112
A8: Invoice | B8: Party | C8: Date | D8: Credit | E8: Amount | F8: Days Out | H8: # | I8: Task | J8: Your answer | K8: Check | L8: Hint
A9: INV-3001 | B9: Vaibhav Textiles | C9: 45883 | D9: 15 | E9: 100500 | H9: 1 | I9: Fill Days Out: as-of date (B6) minus invoice date. | J9: → fill column F | K9: =IF(COUNTA($F$9:$F$58)=0,"◯ Not attempted",IF(NOT(_xlfn.ISFORMULA(F9)),"✎ Use a formula",IFERROR(IF(SUMPRODUCT(--(ABS($F$9:$F$58-$N$9:$N$58)<0.01))=ROWS($F$9:$F$58),"✓ Correct","✗ "&(ROWS($F$9:$F$58)-SUMPRODUCT(--(ABS($F$9:$F$58-$N$9:$N$58)<0.01)))&" rows differ"),"✗ Check the column"))) -> ◯ Not attempted | L9: =$B$6-C9 — lock B6. | N9: =$B$6-C9 -> 229
A10: INV-3002 | B10: Deccan Supplies | C10: 45887 | D10: 30 | E10: 410500 | H10: 2 | I10: Average days outstanding. | K10: =IF(ISBLANK(J10),"◯ Not attempted",IF(NOT(_xlfn.ISFORMULA(J10)),"✎ Use a formula",IF(ISNUMBER(J10),IF(ABS(J10-$M$10)<0.005,"✓ Correct","✗ Check again"),"✗ Not a number"))) -> ◯ Not attempted | L10: AVERAGE your column. | M10: =$B$6-AVERAGE($C$9:$C$58) -> 120.92 | N10: =$B$6-C10 -> 225
A11: INV-3003 | B11: ABC Traders | C11: 45890 | D11: 60 | E11: 97500 | H11: 3 | I11: The oldest invoice, in days. | K11: =IF(ISBLANK(J11),"◯ Not attempted",IF(NOT(_xlfn.ISFORMULA(J11)),"✎ Use a formula",IF(ISNUMBER(J11),IF(ABS(J11-$M$11)<0.005,"✓ Correct","✗ Check again"),"✗ Not a number"))) -> ◯ Not attempted | L11: MAX of your column. | M11: =$B$6-MIN($C$9:$C$58) -> 271 | N11: =$B$6-C11 -> 222
A12: INV-3004 | B12: ABC Traders | C12: 46111 | D12: 30 | E12: 193000 | H12: 4 | I12: How many invoices are more than 120 days old? | K12: =IF(ISBLANK(J12),"◯ Not attempted",IF(NOT(_xlfn.ISFORMULA(J12)),"✎ Use a formula",IF(ISNUMBER(J12),IF(ABS(J12-$M$12)<0.005,"✓ Correct","✗ Check again"),"✗ Not a number"))) -> ◯ Not attempted | L12: COUNTIF(…,">120") | M12: =COUNTIF($C$9:$C$58,"<"&($B$6-120)) -> 25 | N12: =$B$6-C12 -> 1
A13: INV-3005 | B13: Nova Industries | C13: 45936 | D13: 90 | E13: 140500 | N13: =$B$6-C13 -> 176
A14: INV-3006 | B14: Vaibhav Textiles | C14: 45993 | D14: 45 | E14: 51500 | N14: =$B$6-C14 -> 119
A15: INV-3007 | B15: Deccan Supplies | C15: 45980 | D15: 90 | E15: 218000 | N15: =$B$6-C15 -> 132
A16: INV-3008 | B16: ABC Traders | C16: 45877 | D16: 45 | E16: 101000 | N16: =$B$6-C16 -> 235
A17: INV-3009 | B17: Orbit Systems | C17: 46056 | D17: 60 | E17: 171000 | N17: =$B$6-C17 -> 56
A18: INV-3010 | B18: Shree Enterprises | C18: 46037 | D18: 90 | E18: 224500 | N18: =$B$6-C18 -> 75
A19: INV-3011 | B19: ABC Traders | C19: 45990 | D19: 90 | E19: 333000 | N19: =$B$6-C19 -> 122
A20: INV-3012 | B20: Bharat Electricals | C20: 46017 | D20: 45 | E20: 206500 | N20: =$B$6-C20 -> 95
A21: INV-3013 | B21: Patel & Co | C21: 46053 | D21: 60 | E21: 250000 | N21: =$B$6-C21 -> 59
A22: INV-3014 | B22: Kiran Agencies | C22: 46062 | D22: 45 | E22: 319500 | N22: =$B$6-C22 -> 50
A23: INV-3015 | B23: Sagar Metals | C23: 45939 | D23: 15 | E23: 151000 | N23: =$B$6-C23 -> 173
A24: INV-3016 | B24: Shree Enterprises | C24: 46020 | D24: 60 | E24: 16000 | N24: =$B$6-C24 -> 92
... A58: INV-3050 | B58: Nova Industries | C58: 46089 | D58: 90 | E58: 288000 | N58: =$B$6-C58 -> 23

Sheet L3 Due dates and overdue days
A1: LESSON 3 · DUE DATES AND OVERDUE DAYS
A2: ★★★☆☆ Credit terms matter: an old invoice isn't overdue until its credit period ends.
A3: CONCEPT · Due date = invoice date + credit days. Days overdue = as-of − due date, but never negative: MAX(0, …) turns 'not due yet' into 0.
A6: As of | B6: 46112
A8: Invoice | B8: Party | C8: Date | D8: Credit | E8: Amount | F8: Due Date | G8: Overdue | I8: # | J8: Task | K8: Your answer | L8: Check | M8: Hint
A9: INV-3001 | B9: Vaibhav Textiles | C9: 45883 | D9: 15 | E9: 100500 | I9: 1 | J9: Fill Due Date = invoice date + credit days. | K9: → fill column F | L9: =IF(COUNTA($F$9:$F$58)=0,"◯ Not attempted",IF(NOT(_xlfn.ISFORMULA(F9)),"✎ Use a formula",IFERROR(IF(SUMPRODUCT(--(ABS($F$9:$F$58-$O$9:$O$58)<0.01))=ROWS($F$9:$F$58),"✓ Correct","✗ "&(ROWS($F$9:$F$58)-SUMPRODUCT(--(ABS($F$9:$F$58-$O$9:$O$58)<0.01)))&" rows differ"),"✗ Check the column"))) -> ◯ Not attempted | M9: =C9+D9, formatted as a date. | O9: =C9+D9 -> 45898 | P9: =MAX(0,$B$6-(C9+D9)) -> 214
A10: INV-3002 | B10: Deccan Supplies | C10: 45887 | D10: 30 | E10: 410500 | I10: 2 | J10: Fill Overdue: days past the due date (0 if not yet due). | K10: → fill column G | L10: =IF(COUNTA($G$9:$G$58)=0,"◯ Not attempted",IF(NOT(_xlfn.ISFORMULA(G9)),"✎ Use a formula",IFERROR(IF(SUMPRODUCT(--(ABS($G$9:$G$58-$P$9:$P$58)<0.01))=ROWS($G$9:$G$58),"✓ Correct","✗ "&(ROWS($G$9:$G$58)-SUMPRODUCT(--(ABS($G$9:$G$58-$P$9:$P$58)<0.01)))&" rows differ"),"✗ Check the column"))) -> ◯ Not attempted | M10: =MAX(0,$B$6-F9) | O10: =C10+D10 -> 45917 | P10: =MAX(0,$B$6-(C10+D10)) -> 195
A11: INV-3003 | B11: ABC Traders | C11: 45890 | D11: 60 | E11: 97500 | I11: 3 | J11: How many invoices are actually overdue? | L11: =IF(ISBLANK(K11),"◯ Not attempted",IF(NOT(_xlfn.ISFORMULA(K11)),"✎ Use a formula",IF(ISNUMBER(K11),IF(ABS(K11-$N$11)<0.005,"✓ Correct","✗ Check again"),"✗ Not a number"))) -> ◯ Not attempted | M11: COUNTIF(…,">0") | N11: =SUMPRODUCT(--($B$6>$C$9:$C$58+$D$9:$D$58)) -> 35 | O11: =C11+D11 -> 45950 | P11: =MAX(0,$B$6-(C11+D11)) -> 162
A12: INV-3004 | B12: ABC Traders | C12: 46111 | D12: 30 | E12: 193000 | I12: 4 | J12: Total amount that is overdue. | L12: =IF(ISBLANK(K12),"◯ Not attempted",IF(NOT(_xlfn.ISFORMULA(K12)),"✎ Use a formula",IF(ISNUMBER(K12),IF(ABS(K12-$N$12)<0.005,"✓ Correct","✗ Check again"),"✗ Not a number"))) -> ◯ Not attempted | M12: SUMIF on your Overdue column. | N12: =SUMPRODUCT(($B$6>$C$9:$C$58+$D$9:$D$58)*$E$9:$E$58) -> 7772000 | O12: =C12+D12 -> 46141 | P12: =MAX(0,$B$6-(C12+D12)) -> 0
A13: INV-3005 | B13: Nova Industries | C13: 45936 | D13: 90 | E13: 140500 | O13: =C13+D13 -> 46026 | P13: =MAX(0,$B$6-(C13+D13)) -> 86
A14: INV-3006 | B14: Vaibhav Textiles | C14: 45993 | D14: 45 | E14: 51500 | O14: =C14+D14 -> 46038 | P14: =MAX(0,$B$6-(C14+D14)) -> 74
A15: INV-3007 | B15: Deccan Supplies | C15: 45980 | D15: 90 | E15: 218000 | O15: =C15+D15 -> 46070 | P15: =MAX(0,$B$6-(C15+D15)) -> 42
A16: INV-3008 | B16: ABC Traders | C16: 45877 | D16: 45 | E16: 101000 | O16: =C16+D16 -> 45922 | P16: =MAX(0,$B$6-(C16+D16)) -> 190
A17: INV-3009 | B17: Orbit Systems | C17: 46056 | D17: 60 | E17: 171000 | O17: =C17+D17 -> 46116 | P17: =MAX(0,$B$6-(C17+D17)) -> 0
A18: INV-3010 | B18: Shree Enterprises | C18: 46037 | D18: 90 | E18: 224500 | O18: =C18+D18 -> 46127 | P18: =MAX(0,$B$6-(C18+D18)) -> 0
A19: INV-3011 | B19: ABC Traders | C19: 45990 | D19: 90 | E19: 333000 | O19: =C19+D19 -> 46080 | P19: =MAX(0,$B$6-(C19+D19)) -> 32
A20: INV-3012 | B20: Bharat Electricals | C20: 46017 | D20: 45 | E20: 206500 | O20: =C20+D20 -> 46062 | P20: =MAX(0,$B$6-(C20+D20)) -> 50
A21: INV-3013 | B21: Patel & Co | C21: 46053 | D21: 60 | E21: 250000 | O21: =C21+D21 -> 46113 | P21: =MAX(0,$B$6-(C21+D21)) -> 0
A22: INV-3014 | B22: Kiran Agencies | C22: 46062 | D22: 45 | E22: 319500 | O22: =C22+D22 -> 46107 | P22: =MAX(0,$B$6-(C22+D22)) -> 5
A23: INV-3015 | B23: Sagar Metals | C23: 45939 | D23: 15 | E23: 151000 | O23: =C23+D23 -> 45954 | P23: =MAX(0,$B$6-(C23+D23)) -> 158
A24: INV-3016 | B24: Shree Enterprises | C24: 46020 | D24: 60 | E24: 16000 | O24: =C24+D24 -> 46080 | P24: =MAX(0,$B$6-(C24+D24)) -> 32
... A58: INV-3050 | B58: Nova Industries | C58: 46089 | D58: 90 | E58: 288000 | O58: =C58+D58 -> 46179 | P58: =MAX(0,$B$6-(C58+D58)) -> 0

Sheet L4 Ageing buckets
A1: LESSON 4 · AGEING BUCKETS
A2: ★★★★☆ Classify every invoice into an ageing band — the core of a debtors ageing schedule.
A3: CONCEPT · Test the bands in order. IFS(test1,result1,test2,result2,…,TRUE,default) returns the first match. LOOKUP(D9,{0,1,31,61,91},{"Not due","1-30","31-60","61-90","90+"}) does the same in one short formula.
A8: Invoice | B8: Party | C8: Amount | D8: Overdue | E8: Bucket | G8: # | H8: Task | I8: Your answer | J8: Check | K8: Hint
A9: INV-3001 | B9: Vaibhav Textiles | C9: 100500 | D9: 214 | G9: 1 | H9: Fill Bucket: "Not due", "1-30", "31-60", "61-90" or "90+" from the Overdue days. | I9: → fill column E | J9: =IF(COUNTA($E$9:$E$58)=0,"◯ Not attempted",IF(NOT(_xlfn.ISFORMULA(E9)),"✎ Use a formula",IFERROR(IF(SUMPRODUCT(--(UPPER(TRIM($E$9:$E$58&""))=UPPER(TRIM($M$9:$M$58&""))))=ROWS($E$9:$E$58),"✓ Correct","✗ "&(ROWS($E$9:$E$58)-SUMPRODUCT(--(UPPER(TRIM($E$9:$E$58&""))=UPPER(TRIM($M$9:$M$58&"")))))&" rows differ"),"✗ Check the column"))) -> ◯ Not attempted | K9: IFS, nested IF or LOOKUP with two lists in {braces}. | M9: =_xlfn.IFS(D9<=0,"Not due",D9<=30,"1-30",D9<=60,"31-60",D9<=90,"61-90",TRUE(),"90+") -> 90+
A10: INV-3002 | B10: Deccan Supplies | C10: 410500 | D10: 195 | G10: 2 | H10: Total amount in the 90+ bucket. | J10: =IF(ISBLANK(I10),"◯ Not attempted",IF(NOT(_xlfn.ISFORMULA(I10)),"✎ Use a formula",IF(ISNUMBER(I10),IF(ABS(I10-$L$10)<0.005,"✓ Correct","✗ Check again"),"✗ Not a number"))) -> ◯ Not attempted | K10: SUMIF on your Bucket column. | L10: =SUMIF($D$9:$D$58,">90",$C$9:$C$58) -> 3861500 | M10: =_xlfn.IFS(D10<=0,"Not due",D10<=30,"1-30",D10<=60,"31-60",D10<=90,"61-90",TRUE(),"90+") -> 90+
A11: INV-3003 | B11: ABC Traders | C11: 97500 | D11: 162 | G11: 3 | H11: How many invoices are not yet due? | J11: =IF(ISBLANK(I11),"◯ Not attempted",IF(NOT(_xlfn.ISFORMULA(I11)),"✎ Use a formula",IF(ISNUMBER(I11),IF(ABS(I11-$L$11)<0.005,"✓ Correct","✗ Check again"),"✗ Not a number"))) -> ◯ Not attempted | K11: COUNTIF on the bucket label. | L11: =COUNTIF($D$9:$D$58,0) -> 15 | M11: =_xlfn.IFS(D11<=0,"Not due",D11<=30,"1-30",D11<=60,"31-60",D11<=90,"61-90",TRUE(),"90+") -> 90+
A12: INV-3004 | B12: ABC Traders | C12: 193000 | D12: 0 | M12: =_xlfn.IFS(D12<=0,"Not due",D12<=30,"1-30",D12<=60,"31-60",D12<=90,"61-90",TRUE(),"90+") -> Not due
A13: INV-3005 | B13: Nova Industries | C13: 140500 | D13: 86 | M13: =_xlfn.IFS(D13<=0,"Not due",D13<=30,"1-30",D13<=60,"31-60",D13<=90,"61-90",TRUE(),"90+") -> 61-90
A14: INV-3006 | B14: Vaibhav Textiles | C14: 51500 | D14: 74 | M14: =_xlfn.IFS(D14<=0,"Not due",D14<=30,"1-30",D14<=60,"31-60",D14<=90,"61-90",TRUE(),"90+") -> 61-90
A15: INV-3007 | B15: Deccan Supplies | C15: 218000 | D15: 42 | M15: =_xlfn.IFS(D15<=0,"Not due",D15<=30,"1-30",D15<=60,"31-60",D15<=90,"61-90",TRUE(),"90+") -> 31-60
A16: INV-3008 | B16: ABC Traders | C16: 101000 | D16: 190 | M16: =_xlfn.IFS(D16<=0,"Not due",D16<=30,"1-30",D16<=60,"31-60",D16<=90,"61-90",TRUE(),"90+") -> 90+
A17: INV-3009 | B17: Orbit Systems | C17: 171000 | D17: 0 | M17: =_xlfn.IFS(D17<=0,"Not due",D17<=30,"1-30",D17<=60,"31-60",D17<=90,"61-90",TRUE(),"90+") -> Not due
A18: INV-3010 | B18: Shree Enterprises | C18: 224500 | D18: 0 | M18: =_xlfn.IFS(D18<=0,"Not due",D18<=30,"1-30",D18<=60,"31-60",D18<=90,"61-90",TRUE(),"90+") -> Not due
A19: INV-3011 | B19: ABC Traders | C19: 333000 | D19: 32 | M19: =_xlfn.IFS(D19<=0,"Not due",D19<=30,"1-30",D19<=60,"31-60",D19<=90,"61-90",TRUE(),"90+") -> 31-60
A20: INV-3012 | B20: Bharat Electricals | C20: 206500 | D20: 50 | M20: =_xlfn.IFS(D20<=0,"Not due",D20<=30,"1-30",D20<=60,"31-60",D20<=90,"61-90",TRUE(),"90+") -> 31-60
A21: INV-3013 | B21: Patel & Co | C21: 250000 | D21: 0 | M21: =_xlfn.IFS(D21<=0,"Not due",D21<=30,"1-30",D21<=60,"31-60",D21<=90,"61-90",TRUE(),"90+") -> Not due
A22: INV-3014 | B22: Kiran Agencies | C22: 319500 | D22: 5 | M22: =_xlfn.IFS(D22<=0,"Not due",D22<=30,"1-30",D22<=60,"31-60",D22<=90,"61-90",TRUE(),"90+") -> 1-30
A23: INV-3015 | B23: Sagar Metals | C23: 151000 | D23: 158 | M23: =_xlfn.IFS(D23<=0,"Not due",D23<=30,"1-30",D23<=60,"31-60",D23<=90,"61-90",TRUE(),"90+") -> 90+
... A58: INV-3050 | B58: Nova Industries | C58: 288000 | D58: 0 | M58: =_xlfn.IFS(D58<=0,"Not due",D58<=30,"1-30",D58<=60,"31-60",D58<=90,"61-90",TRUE(),"90+") -> Not due

Sheet L5 Provision matrix
A1: LESSON 5 · PROVISION MATRIX
A2: ★★★★☆ Apply an expected-loss rate to each bucket — a simplified expected credit loss provision.
A3: CONCEPT · Look up the bucket's rate in the provision table (exact match), multiply by the amount, round to rupees. Then summarise.
A8: Invoice | B8: Party | C8: Amount | D8: Bucket | E8: Provision | G8: # | H8: Task | I8: Your answer | J8: Check | K8: Hint
A9: INV-3001 | B9: Vaibhav Textiles | C9: 100500 | D9: 90+ | G9: 1 | H9: Fill Provision = Amount × the bucket's rate, rounded to whole rupees. | I9: → fill column E | J9: =IF(COUNTA($E$9:$E$58)=0,"◯ Not attempted",IF(NOT(_xlfn.ISFORMULA(E9)),"✎ Use a formula",IFERROR(IF(SUMPRODUCT(--(ABS($E$9:$E$58-$M$9:$M$58)<0.01))=ROWS($E$9:$E$58),"✓ Correct","✗ "&(ROWS($E$9:$E$58)-SUMPRODUCT(--(ABS($E$9:$E$58-$M$9:$M$58)<0.01)))&" rows differ"),"✗ Check the column"))) -> ◯ Not attempted | K9: =ROUND(C9*VLOOKUP(D9,rate table,2,0),0) | M9: =ROUND(C9*VLOOKUP(D9,$H$15:$I$19,2,0),0) -> 50250
A10: INV-3002 | B10: Deccan Supplies | C10: 410500 | D10: 90+ | G10: 2 | H10: Total provision required. | J10: =IF(ISBLANK(I10),"◯ Not attempted",IF(NOT(_xlfn.ISFORMULA(I10)),"✎ Use a formula",IF(ISNUMBER(I10),IF(ABS(I10-$L$10)<0.005,"✓ Correct","✗ Check again"),"✗ Not a number"))) -> ◯ Not attempted | K10: SUM your column. | L10: =ROUND(C9*VLOOKUP(D9,$H$15:$I$19,2,0),0)+ROUND(C10*VLOOKUP(D10,$H$15:$I$19,2,0),0)+ROUND(C11*VLOOKUP(D11,$H$15:$I$19,2,0),0)+ROUND(C12*VLOOKUP(D12,$H$15:$I$19,2,0),0)+ROUND(C13*VLOOKUP(D13,$H$15:$I$19,2,0),0)+ROUND(C14*VLOOKUP(D14,$H$15:$I$19,2,0),0)+ROUND(C15*VLOOKUP(D15,$H$15:$I$19,2,0),0)+ROUND(C16*VLOOKUP(D16,$H$15:$I$19,2,0),0)+ROUND(C17*VLOOKUP(D17,$H$15:$I$19,2,0),0)+ROUND(C18*VLOOKUP(D18,$H$15:$I$19,2,0),0)+ROUND(C19*VLOOKUP(D19,$H$15:$I$19,2,0),0)+ROUND(C20*VLOOKUP(D20,$H$15:$I$19,2,0),0)+ROUND(C21*VLOOKUP(D21,$H$15:$I$19,2,0),0)+ROUND(C22*VLOOKUP(D22,$H$15:$I$19,2,0),0)+ROUND(C23*VLOOKUP(D23,$H$15:$I$19,2,0),0)+ROUND(C24*VLOOKUP(D24,$H$15:$I$19,2,0),0)+ROUND(C25*VLOOKUP(D25,$H$15:$I$19,2,0),0)+ROUND(C26*VLOOKUP(D26,$H$15:$I$19,2,0),0)+ROUND(C27*VLOOKUP(D27,$H$15:$I$19,2,0),0)+ROUND(C28*VLOOKUP(D28,$H$15:$I$19,2,0),0)+ROUND(C29*VLOOKUP(D29,$H$15:$I$19,2,0),0)+ROUND(C30*VLOOKUP(D30,$H$15:$I$19,2,0),0)+ROUND(C31*VLOOKUP(D31,$H$15:$I$19,2,0),0)+ROUND(C32*VLOOKUP(D32,$H$15:$I$19,2,0),0)+ROUND(C33*VLOOKUP(D33,$H$15:$I$19,2,0),0)+ROUND(C34*VLOOKUP(D34,$H$15:$I$19,2,0),0)+ROUND(C35*VLOOKUP(D35,$H$15:$I$19,2,0),0)+ROUND(C36*VLOOKUP(D36,$H$15:$I$19,2,0),0)+ROUND(C37*VLOOKUP(D37,$H$15:$I$19,2,0),0)+ROUND(C38*VLOOKUP(D38,$H$15:$I$19,2,0),0)+ROUND(C39*VLOOKUP(D39,$H$15:$I$19,2,0),0)+ROUND(C40*VLOOKUP(D40,$H$15:$I$19,2,0),0)+ROUND(C41*VLOOKUP(D41,$H$15:$I$19,2,0),0)+ROUND(C42*VLOOKUP(D42,$H$15:$I$19,2,0),0)+ROUND(C43*VLOOKUP(D43,$H$15:$I$19,2,0),0)+ROUND(C44*VLOOKUP(D44,$H$15:$I$19,2,0),0)+ROUND(C45*VLOOKUP(D45,$H$15:$I$19,2,0),0)+ROUND(C46*VLOOKUP(D46,$H$15:$I$19,2,0),0)+ROUND(C47*VLOOKUP(D47,$H$15:$I$19,2,0),0)+ROUND(C48*VLOOKUP(D48,$H$15:$I$19,2,0),0)+ROUND(C49*VLOOKUP(D49,$H$15:$I$19,2,0),0)+ROUND(C50*VLOOKUP(D50,$H$15:$I$19,2,0),0)+ROUND(C51*VLOOKUP(D51,$H$15:$I$19,2,0),0)+ROUND(C52*VLOOKUP(D52,$H$15:$I$19,2,0),0)+ROUND(C53*VLOOKUP(D53,$H$15:$I$19,2,0),0)+ROUND(C54*VLOOKUP(D54,$H$15:$I$19,2,0),0)+ROUND(C55*VLOOKUP(D55,$H$15:$I$19,2,0),0)+ROUND(C56*VLOOKUP(D56,$H$15:$I$19,2,0),0)+ROUND(C57*VLOOKUP(D57,$H$15:$I$19,2,0),0)+ROUND(C58*VLOOKUP(D58,$H$15:$I$19,2,0),0) -> 2187465 | M10: =ROUND(C10*VLOOKUP(D10,$H$15:$I$19,2,0),0) -> 205250
A11: INV-3003 | B11: ABC Traders | C11: 97500 | D11: 90+ | G11: 3 | H11: Provision as a % of total receivables. | J11: =IF(ISBLANK(I11),"◯ Not attempted",IF(NOT(_xlfn.ISFORMULA(I11)),"✎ Use a formula",IF(ISNUMBER(I11),IF(ABS(I11-$L$11)<0.0005,"✓ Correct","✗ Check again"),"✗ Not a number"))) -> ◯ Not attempted | K11: Provision ÷ receivables. | L11: =(ROUND(C9*VLOOKUP(D9,$H$15:$I$19,2,0),0)+ROUND(C10*VLOOKUP(D10,$H$15:$I$19,2,0),0)+ROUND(C11*VLOOKUP(D11,$H$15:$I$19,2,0),0)+ROUND(C12*VLOOKUP(D12,$H$15:$I$19,2,0),0)+ROUND(C13*VLOOKUP(D13,$H$15:$I$19,2,0),0)+ROUND(C14*VLOOKUP(D14,$H$15:$I$19,2,0),0)+ROUND(C15*VLOOKUP(D15,$H$15:$I$19,2,0),0)+ROUND(C16*VLOOKUP(D16,$H$15:$I$19,2,0),0)+ROUND(C17*VLOOKUP(D17,$H$15:$I$19,2,0),0)+ROUND(C18*VLOOKUP(D18,$H$15:$I$19,2,0),0)+ROUND(C19*VLOOKUP(D19,$H$15:$I$19,2,0),0)+ROUND(C20*VLOOKUP(D20,$H$15:$I$19,2,0),0)+ROUND(C21*VLOOKUP(D21,$H$15:$I$19,2,0),0)+ROUND(C22*VLOOKUP(D22,$H$15:$I$19,2,0),0)+ROUND(C23*VLOOKUP(D23,$H$15:$I$19,2,0),0)+ROUND(C24*VLOOKUP(D24,$H$15:$I$19,2,0),0)+ROUND(C25*VLOOKUP(D25,$H$15:$I$19,2,0),0)+ROUND(C26*VLOOKUP(D26,$H$15:$I$19,2,0),0)+ROUND(C27*VLOOKUP(D27,$H$15:$I$19,2,0),0)+ROUND(C28*VLOOKUP(D28,$H$15:$I$19,2,0),0)+ROUND(C29*VLOOKUP(D29,$H$15:$I$19,2,0),0)+ROUND(C30*VLOOKUP(D30,$H$15:$I$19,2,0),0)+ROUND(C31*VLOOKUP(D31,$H$15:$I$19,2,0),0)+ROUND(C32*VLOOKUP(D32,$H$15:$I$19,2,0),0)+ROUND(C33*VLOOKUP(D33,$H$15:$I$19,2,0),0)+ROUND(C34*VLOOKUP(D34,$H$15:$I$19,2,0),0)+ROUND(C35*VLOOKUP(D35,$H$15:$I$19,2,0),0)+ROUND(C36*VLOOKUP(D36,$H$15:$I$19,2,0),0)+ROUND(C37*VLOOKUP(D37,$H$15:$I$19,2,0),0)+ROUND(C38*VLOOKUP(D38,$H$15:$I$19,2,0),0)+ROUND(C39*VLOOKUP(D39,$H$15:$I$19,2,0),0)+ROUND(C40*VLOOKUP(D40,$H$15:$I$19,2,0),0)+ROUND(C41*VLOOKUP(D41,$H$15:$I$19,2,0),0)+ROUND(C42*VLOOKUP(D42,$H$15:$I$19,2,0),0)+ROUND(C43*VLOOKUP(D43,$H$15:$I$19,2,0),0)+ROUND(C44*VLOOKUP(D44,$H$15:$I$19,2,0),0)+ROUND(C45*VLOOKUP(D45,$H$15:$I$19,2,0),0)+ROUND(C46*VLOOKUP(D46,$H$15:$I$19,2,0),0)+ROUND(C47*VLOOKUP(D47,$H$15:$I$19,2,0),0)+ROUND(C48*VLOOKUP(D48,$H$15:$I$19,2,0),0)+ROUND(C49*VLOOKUP(D49,$H$15:$I$19,2,0),0)+ROUND(C50*VLOOKUP(D50,$H$15:$I$19,2,0),0)+ROUND(C51*VLOOKUP(D51,$H$15:$I$19,2,0),0)+ROUND(C52*VLOOKUP(D52,$H$15:$I$19,2,0),0)+ROUND(C53*VLOOKUP(D53,$H$15:$I$19,2,0),0)+ROUND(C54*VLOOKUP(D54,$H$15:$I$19,2,0),0)+ROUND(C55*VLOOKUP(D55,$H$15:$I$19,2,0),0)+ROUND(C56*VLOOKUP(D56,$H$15:$I$19,2,0),0)+ROUND(C57*VLOOKUP(D57,$H$15:$I$19,2,0),0)+ROUND(C58*VLOOKUP(D58,$H$15:$I$19,2,0),0))/SUM($C$9:$C$58) -> 0.18871285 | M11: =ROUND(C11*VLOOKUP(D11,$H$15:$I$19,2,0),0) -> 48750
A12: INV-3004 | B12: ABC Traders | C12: 193000 | D12: Not due | M12: =ROUND(C12*VLOOKUP(D12,$H$15:$I$19,2,0),0) -> 0
A13: INV-3005 | B13: Nova Industries | C13: 140500 | D13: 61-90 | H13: Provision rates by bucket | M13: =ROUND(C13*VLOOKUP(D13,$H$15:$I$19,2,0),0) -> 21075
A14: INV-3006 | B14: Vaibhav Textiles | C14: 51500 | D14: 61-90 | H14: Bucket | I14: Rate | M14: =ROUND(C14*VLOOKUP(D14,$H$15:$I$19,2,0),0) -> 7725
A15: INV-3007 | B15: Deccan Supplies | C15: 218000 | D15: 31-60 | H15: Not due | I15: 0 | M15: =ROUND(C15*VLOOKUP(D15,$H$15:$I$19,2,0),0) -> 10900
A16: INV-3008 | B16: ABC Traders | C16: 101000 | D16: 90+ | H16: 1-30 | I16: 0.01 | M16: =ROUND(C16*VLOOKUP(D16,$H$15:$I$19,2,0),0) -> 50500
A17: INV-3009 | B17: Orbit Systems | C17: 171000 | D17: Not due | H17: 31-60 | I17: 0.05 | M17: =ROUND(C17*VLOOKUP(D17,$H$15:$I$19,2,0),0) -> 0
A18: INV-3010 | B18: Shree Enterprises | C18: 224500 | D18: Not due | H18: 61-90 | I18: 0.15 | M18: =ROUND(C18*VLOOKUP(D18,$H$15:$I$19,2,0),0) -> 0
A19: INV-3011 | B19: ABC Traders | C19: 333000 | D19: 31-60 | H19: 90+ | I19: 0.5 | M19: =ROUND(C19*VLOOKUP(D19,$H$15:$I$19,2,0),0) -> 16650
A20: INV-3012 | B20: Bharat Electricals | C20: 206500 | D20: 31-60 | M20: =ROUND(C20*VLOOKUP(D20,$H$15:$I$19,2,0),0) -> 10325
A21: INV-3013 | B21: Patel & Co | C21: 250000 | D21: Not due | M21: =ROUND(C21*VLOOKUP(D21,$H$15:$I$19,2,0),0) -> 0
A22: INV-3014 | B22: Kiran Agencies | C22: 319500 | D22: 1-30 | M22: =ROUND(C22*VLOOKUP(D22,$H$15:$I$19,2,0),0) -> 3195
A23: INV-3015 | B23: Sagar Metals | C23: 151000 | D23: 90+ | M23: =ROUND(C23*VLOOKUP(D23,$H$15:$I$19,2,0),0) -> 75500
A24: INV-3016 | B24: Shree Enterprises | C24: 16000 | D24: 31-60 | M24: =ROUND(C24*VLOOKUP(D24,$H$15:$I$19,2,0),0) -> 800
A25: INV-3017 | B25: Vaibhav Textiles | C25: 110500 | D25: 1-30 | M25: =ROUND(C25*VLOOKUP(D25,$H$15:$I$19,2,0),0) -> 1105
A26: INV-3018 | B26: Deccan Supplies | C26: 48000 | D26: Not due | M26: =ROUND(C26*VLOOKUP(D26,$H$15:$I$19,2,0),0) -> 0
A27: INV-3019 | B27: Sagar Metals | C27: 452500 | D27: 61-90 | M27: =ROUND(C27*VLOOKUP(D27,$H$15:$I$19,2,0),0) -> 67875
A28: INV-3020 | B28: Bharat Electricals | C28: 484000 | D28: 90+ | M28: =ROUND(C28*VLOOKUP(D28,$H$15:$I$19,2,0),0) -> 242000
A29: INV-3021 | B29: Meera Pharma | C29: 92500 | D29: 90+ | M29: =ROUND(C29*VLOOKUP(D29,$H$15:$I$19,2,0),0) -> 46250
A30: INV-3022 | B30: Kiran Agencies | C30: 104000 | D30: 90+ | M30: =ROUND(C30*VLOOKUP(D30,$H$15:$I$19,2,0),0) -> 52000
A31: INV-3023 | B31: Shree Enterprises | C31: 133500 | D31: 61-90 | M31: =ROUND(C31*VLOOKUP(D31,$H$15:$I$19,2,0),0) -> 20025
... A58: INV-3050 | B58: Nova Industries | C58: 288000 | D58: Not due | M58: =ROUND(C58*VLOOKUP(D58,$H$15:$I$19,2,0),0) -> 0

Sheet L6 Boss round — ageing summary
A1: LESSON 6 · BOSS ROUND — AGEING SUMMARY
A2: ★★★★★ Build the summary table a finance manager actually reads.
A3: CONCEPT · Count and total by bucket in the grid, then compute concentration. The Count column needs COUNTIF; the Amount column needs SUMIF — both keyed on the bucket label at the left of each grid row.
A8: Invoice | B8: Party | C8: Amount | D8: Bucket | F8: # | G8: Task | H8: Your answer | I8: Check | J8: Hint
A9: INV-3001 | B9: Vaibhav Textiles | C9: 100500 | D9: 90+ | F9: 1 | G9: Fill the ageing summary grid (Count and Amount per bucket). | H9: → fill the grid below | I9: =IF(COUNT($H$15:$I$19)=0,"◯ Not attempted",IF(NOT(_xlfn.ISFORMULA(H15)),"✎ Use a formula",IFERROR(IF(SUMPRODUCT(--(ABS($H$15:$I$19-$L$15:$M$19)<0.01))=10,"✓ Correct","✗ "&(10-SUMPRODUCT(--(ABS($H$15:$I$19-$L$15:$M$19)<0.01)))&" cells differ"),"✗ Check the grid"))) -> ◯ Not attempted | J9: Count: =COUNTIF($D$9:$D$58,$G15). Amount: =SUMIF($D$9:$D$58,$G15,$C$9:$C$58).
A10: INV-3002 | B10: Deccan Supplies | C10: 410500 | D10: 90+ | F10: 2 | G10: Share of receivables that is more than 60 days overdue. | I10: =IF(ISBLANK(H10),"◯ Not attempted",IF(NOT(_xlfn.ISFORMULA(H10)),"✎ Use a formula",IF(ISNUMBER(H10),IF(ABS(H10-$K$10)<0.0005,"✓ Correct","✗ Check again"),"✗ Not a number"))) -> ◯ Not attempted | J10: (61-90 + 90+) ÷ total. | K10: =(SUMIF($D$9:$D$58,"61-90",$C$9:$C$58)+SUMIF($D$9:$D$58,"90+",$C$9:$C$58))/SUM($C$9:$C$58) -> 0.43169564
A11: INV-3003 | B11: ABC Traders | C11: 97500 | D11: 90+ | F11: 3 | G11: Check: grid Amount column total minus total receivables. Must be zero. | I11: =IF(ISBLANK(H11),"◯ Not attempted",IF(NOT(_xlfn.ISFORMULA(H11)),"✎ Use a formula",IF(ISNUMBER(H11),IF(ABS(H11-$K$11)<0.5,"✓ Correct","✗ Check again"),"✗ Not a number"))) -> ◯ Not attempted | J11: SUM the Amount column of the grid, minus the register total. | K11: =0 -> 0
A12: INV-3004 | B12: ABC Traders | C12: 193000 | D12: Not due
A13: INV-3005 | B13: Nova Industries | C13: 140500 | D13: 61-90 | G13: Ageing summary
A14: INV-3006 | B14: Vaibhav Textiles | C14: 51500 | D14: 61-90 | H14: Count | I14: Amount
A15: INV-3007 | B15: Deccan Supplies | C15: 218000 | D15: 31-60 | G15: Not due | L15: =COUNTIF($D$9:$D$58,$G15) -> 15 | M15: =SUMIF($D$9:$D$58,$G15,$C$9:$C$58) -> 3819500
A16: INV-3008 | B16: ABC Traders | C16: 101000 | D16: 90+ | G16: 1-30 | L16: =COUNTIF($D$9:$D$58,$G16) -> 6 | M16: =SUMIF($D$9:$D$58,$G16,$C$9:$C$58) -> 1326500
A17: INV-3009 | B17: Orbit Systems | C17: 171000 | D17: Not due | G17: 31-60 | L17: =COUNTIF($D$9:$D$58,$G17) -> 6 | M17: =SUMIF($D$9:$D$58,$G17,$C$9:$C$58) -> 1441500
A18: INV-3010 | B18: Shree Enterprises | C18: 224500 | D18: Not due | G18: 61-90 | L18: =COUNTIF($D$9:$D$58,$G18) -> 5 | M18: =SUMIF($D$9:$D$58,$G18,$C$9:$C$58) -> 1142500
A19: INV-3011 | B19: ABC Traders | C19: 333000 | D19: 31-60 | G19: 90+ | L19: =COUNTIF($D$9:$D$58,$G19) -> 18 | M19: =SUMIF($D$9:$D$58,$G19,$C$9:$C$58) -> 3861500
A20: INV-3012 | B20: Bharat Electricals | C20: 206500 | D20: 31-60
A21: INV-3013 | B21: Patel & Co | C21: 250000 | D21: Not due
A22: INV-3014 | B22: Kiran Agencies | C22: 319500 | D22: 1-30
A23: INV-3015 | B23: Sagar Metals | C23: 151000 | D23: 90+
A24: INV-3016 | B24: Shree Enterprises | C24: 16000 | D24: 31-60
A25: INV-3017 | B25: Vaibhav Textiles | C25: 110500 | D25: 1-30
A26: INV-3018 | B26: Deccan Supplies | C26: 48000 | D26: Not due
A27: INV-3019 | B27: Sagar Metals | C27: 452500 | D27: 61-90
A28: INV-3020 | B28: Bharat Electricals | C28: 484000 | D28: 90+
A29: INV-3021 | B29: Meera Pharma | C29: 92500 | D29: 90+
A30: INV-3022 | B30: Kiran Agencies | C30: 104000 | D30: 90+
A31: INV-3023 | B31: Shree Enterprises | C31: 133500 | D31: 61-90
... A58: INV-3050 | B58: Nova Industries | C58: 288000 | D58: Not due

Sheet Solutions
A1: SOLUTIONS & OTHER WAYS — open only after you have tried
A2: Model answers are shapes, not the only answer. If your formula gives the same result, it is right — compare the logic.
A4: L1 Date parts ★★
A5: # | B5: Task | C5: Answer cell | D5: Model formula | E5: Other ways | F5: Why it works
A6: 1 | B6: Fill Month with the short month name (e.g. "Mar"). | C6: column F | D6: =TEXT(C9,"mmm") (row 9, then fill down) | E6: =CHOOSE(MONTH(C9),"Jan","Feb",…)
A7: 2 | B7: Fill FY End: the year the Indian financial year ends in. | C7: column G | D7: =YEAR(C9)+(MONTH(C9)>3) (row 9, then fill down) | E7: =IF(MONTH(C9)>3,YEAR(C9)+1,YEAR(C9)) | F7: A comparison inside arithmetic counts as 1 or 0.
A8: 3 | B8: How many invoices are dated in February 2026? | C8: K11 | D8: =COUNTIFS($C$9:$C$58,">="&DATE(2026,2,1),$C$9:$C$58,"<="&DATE(2026,2,28)) | E8: =SUMPRODUCT((MONTH(C9:C58)=2)*(YEAR(C9:C58)=2026))
A9: 4 | B9: The earliest invoice date. | C9: K12 | D9: =MIN($C$9:$C$58)
A11: L2 Days outstanding ★★★
A12: # | B12: Task | C12: Answer cell | D12: Model formula | E12: Other ways | F12: Why it works
A13: 1 | B13: Fill Days Out: as-of date (B6) minus invoice date. | C13: column F | D13: =$B$6-C9 (row 9, then fill down) | E13: =DATEDIF(C9,$B$6,"d") =DAYS($B$6,C9) | F13: TODAY() changes every day; an audit working paper must not.
A14: 2 | B14: Average days outstanding. | C14: J10 | D14: =AVERAGE($F$9:$F$58)
A15: 3 | B15: The oldest invoice, in days. | C15: J11 | D15: =MAX($F$9:$F$58)
A16: 4 | B16: How many invoices are more than 120 days old? | C16: J12 | D16: =COUNTIF($F$9:$F$58,">120")
A18: L3 Due dates and overdue days ★★★
A19: # | B19: Task | C19: Answer cell | D19: Model formula | E19: Other ways | F19: Why it works
A20: 1 | B20: Fill Due Date = invoice date + credit days. | C20: column F | D20: =C9+D9 (row 9, then fill down)
A21: 2 | B21: Fill Overdue: days past the due date (0 if not yet due). | C21: column G | D21: =MAX(0,$B$6-F9) (row 9, then fill down) | E21: =IF($B$6>F9,$B$6-F9,0)
A22: 3 | B22: How many invoices are actually overdue? | C22: K11 | D22: =COUNTIF($G$9:$G$58,">0")
A23: 4 | B23: Total amount that is overdue. | C23: K12 | D23: =SUMIF($G$9:$G$58,">0",$E$9:$E$58)
A25: L4 Ageing buckets ★★★★
A26: # | B26: Task | C26: Answer cell | D26: Model formula | E26: Other ways | F26: Why it works
A27: 1 | B27: Fill Bucket: "Not due", "1-30", "31-60", "61-90" or "90+" from the Overdue days. | C27: column E | D27: =IFS(D9<=0,"Not due",D9<=30,"1-30",D9<=60,"31-60",D9<=90,"61-90",TRUE,"90+") | E27: =LOOKUP(D9,{0,1,31,61,91},{"Not due","1-30","31-60","61-90","90+"}) =IF(D9<=0,"Not due",IF(D9<=30,"1-30",IF(D9<=60,"31-60",IF(D9<=90,"61-90","90+")))) | F27: Order matters: the first TRUE wins, so test the smallest band first.
A28: 2 | B28: Total amount in the 90+ bucket. | C28: I10 | D28: =SUMIF($E$9:$E$58,"90+",$C$9:$C$58)
A29: 3 | B29: How many invoices are not yet due? | C29: I11 | D29: =COUNTIF($E$9:$E$58,"Not due")
A31: L5 Provision matrix ★★★★
A32: # | B32: Task | C32: Answer cell | D32: Model formula | E32: Other ways | F32: Why it works
A33: 1 | B33: Fill Provision = Amount × the bucket's rate, rounded to whole rupees. | C33: column E | D33: =ROUND(C9*VLOOKUP(D9,$H$15:$I$19,2,0),0) (row 9, then fill down) | E33: =ROUND(C9*INDEX(rates,MATCH(D9,buckets,0)),0)
A34: 2 | B34: Total provision required. | C34: I10 | D34: =SUM($E$9:$E$58)
A35: 3 | B35: Provision as a % of total receivables. | C35: I11 | D35: =SUM($E$9:$E$58)/SUM($C$9:$C$58)
A37: L6 Boss round — ageing summary ★★★★★
A38: # | B38: Task | C38: Answer cell | D38: Model formula | E38: Other ways | F38: Why it works
A39: 1 | B39: Fill the ageing summary grid (Count and Amount per bucket). | C39: the grid | D39: =COUNTIF($D$9:$D$58,$G15) (first cell, then fill right and down)
A40: 2 | B40: Share of receivables that is more than 60 days overdue. | C40: H10 | D40: =(SUMIF($D$9:$D$58,"61-90",$C$9:$C$58)+SUMIF($D$9:$D$58,"90+",$C$9:$C$58))/SUM($C$9:$C$58) | E40: =SUM(SUMIF(D9:D58,{"61-90","90+"},C9:C58))/SUM(C9:C58)
A41: 3 | B41: Check: grid Amount column total minus total receivables. Must be zero. | C41: H11 | D41: =SUM(I15:I19)-SUM($C$9:$C$58)
